date,hash
2017-09-16, ec8ab7b452ccc925151a229783a21d1f3c2053ed
2017-09-16, becce23841de5356baad415497b2083bc8b66f79
2017-09-16, 8f0618b3e4bb5233c3408b2eef938e4cc023dd13
2017-09-16, 3c557cceb9d3e20be66d4667145263646dc17af5
2017-09-16, 0a16c57c279b7ade19020eee0a3eb93645984942
2017-08-31, fe51624f1a433b2791ff9c28c89e6ab119a26c6e
2017-08-31, a82c701e8a8245636a8789fd0d6dad47b97c3846
2017-08-31, 726a1c2ece843d39fd83319a459e77f88a2f246b
2017-08-31, 38257f6ba162f049b42672df09b6aca24ee68ff6
2017-08-31, 00cecd22ba0811237caef24f4081df1b4c2415f0
2017-08-23, 8cf4f965676d72fe49f4b38c10383498ee873440
2017-08-23, 490ccf2fa6385425c5408019bc84ef0431c72b01
2017-08-22, 794db23f6cc60d64744d675b1d9def5c4874eaf1
2017-08-22, 78cec1e5e95286bdc5213e89386a344433fef89f
2017-07-31, e1dfa209ee83944fcad65bd15550032d0042645e
2017-07-31, 59ab46207af8c164035b81e1091953407fb6a0fa
2017-07-23, 9a1f181eda597af5fa88793420086fa0ed638898
2017-07-23, 97721f025eb51b1f46ad38cb889ffcdcb43103b8
2017-07-23, 81d3c62560ce087c1569d11efcb4077a6652a13c
2017-07-23, 69cbb75ff12d44129cdc01442d03213185fbaf7c
2017-07-23, 338fc55f58968dec14a8f8f87fb316bebcdea719
2017-07-23, 295bf8e33f768d7b582711bf5c3f9be7028e870a
2017-07-22, e4cdd466847ce2b2381f9cdd9771fe78d839dfee
2017-07-22, d0a8efa1dd3ec861145bc52a918b44f04a6dd71c
2017-06-16, 3d524b1530435d0b8e55aa78fc574b369ab951a5
2017-06-16, 268d9c4106fd0f4aea63107c317c7da3d40788e8
2017-05-21, e2530eb0f230576f0940cda199a051ecb706177f
2017-05-21, c72bdb65800d054a3e68edbff88dbce728bfa1ee
2017-05-21, a81d4f3d852b7a98b3818513fd1545d5ce42ff52
2017-05-21, 9b825e383fef0128aa8ea138c00519a318e97c51
2017-05-21, 94e964f3891ef2956e9450d09fcba50a96e322a8
2017-05-21, 4d529f75121c241d80f84663bc41840dd91662ae
2017-05-21, 4c87a4e363998bc2b76718d76ec8b5b49314b1c4
2017-05-21, 28fdc40b1772fcf3532fbe0a9d2441a0b17e0aca
2017-05-21, 2190f5d5217f8d254a38953712f3e117296de767
2017-05-21, 0630083faf984874b3e193092f1e6bc3e81c6745
